Gene.id,Neutrophil,RBC,Bcell,Monocyte,CD4.Tcell,CD8.Tcell,Platelet
ENSG00000104921,-0.031068681,-0.03282366,0.003996752,-0.032276203,-0.032769525,-0.032666732,-0.032637245
ENSG00000100721,-0.030590591,-0.03282366,-0.011273171,-0.032792688,-0.032805858,-0.032769598,-0.032705359
ENSG00000240505,-0.032729283,-0.032821743,-0.026839972,-0.032816345,-0.032775071,-0.032801991,-0.03282366
ENSG00000187912,-0.028686684,-0.03282366,-0.019959588,-0.032139,-0.03277623,-0.032774556,-0.032786053
ENSG00000101017,-0.032044755,-0.032820967,-0.01994323,-0.030703115,-0.032608381,-0.032614917,-0.032514382
ENSG00000196735,-0.030816244,-0.03282366,0.013939671,-0.022199685,-0.030138146,-0.030198049,-0.03267959
ENSG00000152689,-0.032696589,-0.032640594,-0.028553421,-0.032797187,-0.032571846,-0.032640799,-0.032798787
ENSG00000211825,-0.025538089,-0.03282366,-0.023344297,-0.032653917,-0.032563492,-0.03260818,-0.032116379
ENSG00000065923,-0.032420346,-0.032821625,-0.026618517,-0.032539785,-0.032087031,-0.032334046,-0.032799692
ENSG00000254087,0.033100443,-0.032817057,0.036393414,0.002367989,-0.032246579,-0.032215996,-0.030984615
ENSG00000233308,-0.032805064,-0.03282366,-0.030792932,-0.032806851,-0.03282366,-0.03282366,-0.03282366
ENSG00000197943,-0.020767153,-0.03282366,-0.019769376,-0.029895441,-0.032644649,-0.031993059,-0.032785123
ENSG00000186265,-0.031729064,-0.03282366,-0.028046643,-0.032809611,-0.032238651,-0.032660171,-0.032813904
ENSG00000167604,-0.029360703,-0.03282366,-0.011042575,-0.017978626,-0.0309483,-0.030847751,-0.032710867
ENSG00000184293,-0.032425022,-0.03282366,-0.027348766,-0.032426278,-0.031520702,-0.032076554,-0.03282366
ENSG00000105246,-0.032794856,-0.03282366,-0.030971813,-0.03260117,-0.032792659,-0.032806543,-0.03282366
ENSG00000089127,-0.029301103,-0.03282366,-0.024074246,-0.024875485,-0.032150441,-0.032517101,-0.032595192
ENSG00000161405,-0.027926507,-0.03282366,-0.018868124,-0.032781276,-0.026426684,-0.02605625,-0.032728749
ENSG00000124243,-0.032461464,-0.032821865,-0.029132427,-0.03279512,-0.031927773,-0.031452691,-0.032801462
ENSG00000137265,-0.032109014,-0.03282366,-0.026272908,-0.032509558,-0.029986819,-0.030308263,-0.032780849
ENSG00000169508,-0.019190474,-0.03282366,0.077910785,-0.00094082,0.077055862,0.021542008,-0.032540748
ENSG00000204475,-0.030381411,-0.03282366,-0.025651887,-0.032730806,-0.031137718,-0.0292149,-0.032605407
ENSG00000189057,-0.032742907,-0.03282366,-0.031153315,-0.032819179,-0.032511095,-0.032738316,-0.03281121
ENSG00000124151,-0.025583807,-0.032804216,-0.007242033,-0.0282129,-0.02305146,-0.025417982,-0.032690572
ENSG00000237513,-0.03207679,-0.03282366,-0.02788098,-0.031802247,-0.031630257,-0.031697078,-0.03282366
ENSG00000026751,-0.026837987,-0.03282366,-0.022114269,-0.030190588,-0.0313631,-0.026943497,-0.03269678
ENSG00000145287,-0.028338936,-0.03282366,-0.017892371,-0.022353601,-0.027265523,-0.027535698,-0.032611458
ENSG00000196664,-0.032082352,-0.03282366,-0.031548943,-0.031949495,-0.03282366,-0.032821551,-0.032814427
ENSG00000162511,0.251005653,-0.032761286,0.367348179,0.261717064,0.168758377,0.115625124,-0.027851089
ENSG00000136286,-0.01832476,-0.03282288,-0.00183765,-0.003183685,-0.005161383,-0.008570465,-0.032666595
ENSG00000125726,-0.032660187,-0.03282366,-0.031374632,-0.03281801,-0.032052835,-0.032020251,-0.032792267
ENSG00000198833,-0.018061239,-0.032774471,0.000346807,-0.018651776,-0.017390034,-0.021268042,-0.031113985
ENSG00000111335,-0.028230739,-0.03282366,-0.026102811,-0.026173439,-0.02934341,-0.030616639,-0.032673939
ENSG00000115232,-0.01726999,-0.032331715,-0.010607368,-0.023731783,-0.014663109,-0.017050866,-0.032778006
ENSG00000073111,-0.032508886,-0.032797276,-0.03134231,-0.032758319,-0.031440501,-0.031767754,-0.032794226
ENSG00000134516,-0.016949267,-0.03282263,-0.013421228,-0.01986584,-0.017012847,-0.020050559,-0.032698963
ENSG00000197471,-0.022479161,-0.032770177,-0.020821606,-0.023447897,-0.025225947,-0.026746837,-0.032636349
ENSG00000234883,-0.032528219,-0.03282366,-0.031177226,-0.032634291,-0.032019252,-0.032068133,-0.03282366
ENSG00000121594,-0.032804313,-0.03282366,-0.031840423,-0.032785798,-0.032587388,-0.032600506,-0.03282366
ENSG00000121210,-0.024540839,-0.032276365,-0.018207126,-0.026919692,-0.021798673,-0.024749572,-0.032581041
ENSG00000114978,-0.010285094,-0.03271796,-0.000721493,-0.012891291,-0.008960805,-0.014929899,-0.031100376
ENSG00000224565,-0.032806444,-0.03282366,-0.032192219,-0.03282366,-0.03282366,-0.03282366,-0.03282366
ENSG00000112029,-0.032410018,-0.032802349,-0.031397645,-0.032649755,-0.031709002,-0.031860324,-0.032820524
ENSG00000167900,-0.032412661,-0.032695638,-0.030793148,-0.03220963,-0.031133894,-0.031902456,-0.03282366
ENSG00000224220,-0.032794384,-0.03282366,-0.032275534,-0.03282366,-0.03282366,-0.03282366,-0.03282366
ENSG00000068489,-0.032198237,-0.032763598,-0.031389665,-0.032187124,-0.032316332,-0.032538149,-0.032808925
ENSG00000197299,-0.031968799,-0.032777763,-0.031799188,-0.032727674,-0.03219542,-0.032301684,-0.032814653
ENSG00000233175,-0.03212177,-0.03282366,-0.031666212,-0.032174299,-0.031874664,-0.031716564,-0.032813173
ENSG00000271913,-0.031976223,-0.032822458,-0.031795015,-0.032149037,-0.032216386,-0.032380896,-0.03282366
ENSG00000250155,-0.032377522,-0.03282366,-0.031980898,-0.032390442,-0.032674832,-0.032728842,-0.032699169
ENSG00000048462,-0.032637679,-0.03282366,-0.032400064,-0.03282366,-0.032788056,-0.032804001,-0.03282366
ENSG00000233791,-0.032578136,-0.032816166,-0.032349355,-0.032496446,-0.032770099,-0.032791398,-0.032810423
ENSG00000140451,-0.032559319,-0.032817812,-0.032361709,-0.032812505,-0.032721068,-0.032585272,-0.032818496
ENSG00000176208,-0.03253055,-0.03220212,-0.032119424,-0.032673159,-0.032336052,-0.032311076,-0.03282366
ENSG00000228863,-0.032560912,-0.03282366,-0.032474115,-0.032773244,-0.032717409,-0.032714326,-0.03282366
ENSG00000104970,-0.032754122,-0.03282366,-0.032584945,-0.032815215,-0.032821071,-0.032776486,-0.032814276
ENSG00000261346,-0.032719218,-0.03282366,-0.032696627,-0.032811276,-0.032785696,-0.032697887,-0.032806459
ENSG00000188610,-0.032787601,-0.032812439,-0.032706553,-0.032712345,-0.032762414,-0.032780181,-0.03282366
ENSG00000102962,-0.032813194,-0.03282366,-0.032769765,-0.032811838,-0.03277383,-0.032816157,-0.03282366
ENSG00000211747,-0.026901072,-0.03282366,-0.030721403,-0.032760777,0.017198597,-0.020610156,-0.032619868
ENSG00000232869,-0.028776628,-0.03282366,-0.030933851,-0.032802126,0.009325562,-0.003244975,-0.032614291
ENSG00000211734,-0.030366926,-0.03282366,-0.031991383,-0.032770551,-0.008586101,-0.023772498,-0.03254704
ENSG00000211721,-0.030994405,-0.03282366,-0.032270186,-0.03282366,-0.018972549,-0.028240238,-0.03282366
ENSG00000081059,-0.027099812,-0.03282366,-0.02840673,-0.032720428,0.018358571,0.002155318,-0.032597834
ENSG00000237702,-0.030054574,-0.03282366,-0.032192824,-0.03282366,-0.014838106,-0.025937661,-0.032639152
ENSG00000230099,-0.031124489,-0.03282366,-0.032261428,-0.03282366,-0.020457531,-0.028197569,-0.03282366
ENSG00000211746,-0.028993605,-0.03282366,-0.031876355,-0.032776612,-0.008017169,-0.01954469,-0.032453363
ENSG00000211751,0.020372657,-0.032814704,-0.010325953,-0.032026315,0.240736224,0.157815125,-0.030387263
ENSG00000211724,-0.031525424,-0.03282366,-0.03231509,-0.03282366,-0.022838022,-0.02911329,-0.03282366
ENSG00000211745,-0.031610928,-0.03282366,-0.031934611,-0.032747556,-0.020954835,-0.02335579,-0.03282366
ENSG00000211793,-0.031312083,-0.03282366,-0.032322834,-0.03282366,-0.025381127,-0.0316243,-0.032762626
ENSG00000226660,-0.029668742,-0.03282366,-0.031745635,-0.032803098,-0.017033725,-0.021155481,-0.03276654
ENSG00000211725,-0.032207235,-0.03282366,-0.032654524,-0.03282366,-0.027326674,-0.031002544,-0.03282366
ENSG00000211803,-0.031685289,-0.03282366,-0.032437694,-0.03282366,-0.026335353,-0.031426463,-0.03282366
ENSG00000241657,-0.031348995,-0.03282366,-0.032509294,-0.032802443,-0.025441382,-0.025820552,-0.03270578
ENSG00000211794,-0.031035394,-0.03282366,-0.032279655,-0.03282366,-0.023878171,-0.029325752,-0.032733256
ENSG00000211788,-0.029436261,-0.03282366,-0.032111096,-0.03282366,-0.020292216,-0.026535228,-0.032690063
ENSG00000182866,-0.01742704,-0.03282366,-0.026328879,-0.03265773,0.019587065,0.008162311,-0.032279908
ENSG00000211786,-0.031649238,-0.03282366,-0.032527324,-0.032808366,-0.026095595,-0.029891835,-0.032781174
ENSG00000211796,-0.031849628,-0.03282366,-0.032403819,-0.03282366,-0.026491842,-0.030184846,-0.03282366
ENSG00000211753,-0.028383664,-0.03282366,-0.031793665,-0.03272853,-0.011863665,-0.01368262,-0.030841719
ENSG00000198821,-0.021367382,-0.032821973,-0.027124993,-0.032585456,0.006768308,-0.003208693,-0.032316957
ENSG00000211807,-0.031991193,-0.03282366,-0.032584812,-0.03282366,-0.027881914,-0.031370673,-0.032756489
ENSG00000141293,-0.028807784,-0.032785101,-0.02615051,-0.03274193,-0.00695793,-0.015061187,-0.032442241
ENSG00000211801,-0.031109092,-0.03282366,-0.032190838,-0.03282366,-0.025744501,-0.026575989,-0.032753551
ENSG00000211765,-0.02897725,-0.03282366,-0.024505035,-0.03282366,-0.009408504,-0.017093602,-0.03282366
ENSG00000211795,-0.031160562,-0.03282366,-0.032454335,-0.03282366,-0.026414057,-0.029336798,-0.03282366
ENSG00000211785,-0.030099556,-0.03282366,-0.032040162,-0.032747276,-0.023067345,-0.025906744,-0.032717568
ENSG00000211777,-0.03132263,-0.03282366,-0.032614549,-0.03282366,-0.027199211,-0.03019804,-0.032800493
ENSG00000211789,-0.030031463,-0.03282366,-0.032313718,-0.032745846,-0.025071227,-0.027217784,-0.032769621
ENSG00000211820,-0.031704392,-0.03282366,-0.032706205,-0.03282366,-0.028874676,-0.031613508,-0.03282366
ENSG00000233387,-0.03240051,-0.03282366,-0.032358945,-0.032760929,-0.028713283,-0.031469882,-0.03282366
ENSG00000211810,-0.031556664,-0.03282366,-0.032487071,-0.03282366,-0.028042442,-0.030105577,-0.03282366
ENSG00000242114,-0.03267191,-0.03282366,-0.032259375,-0.032655218,-0.029529984,-0.030005011,-0.03282366
ENSG00000211791,-0.030795672,-0.03282366,-0.032534891,-0.03282366,-0.027678037,-0.028508274,-0.03258905
ENSG00000078589,-0.023365231,-0.03282366,-0.017501656,-0.032746838,-0.004019858,-0.017799201,-0.032570247
ENSG00000211806,-0.031899418,-0.03282366,-0.032529876,-0.03282366,-0.029070263,-0.031351123,-0.032793825
ENSG00000204110,-0.032490935,-0.03282366,-0.032676677,-0.03282366,-0.030278661,-0.030818129,-0.032778879
ENSG00000255987,-0.031856791,-0.032807492,-0.032612742,-0.032803098,-0.029608943,-0.030630983,-0.03282366
ENSG00000126353,-0.024600136,-0.03282366,-0.016946351,-0.032716657,-0.007788987,-0.010730748,-0.031979886
ENSG00000117090,-0.031082179,-0.03282366,-0.026634415,-0.032756741,-0.025873891,-0.028627625,-0.032792679
ENSG00000211797,-0.031399824,-0.03282366,-0.032517887,-0.03282366,-0.029013053,-0.031052626,-0.03272429
ENSG00000141682,-0.02865936,-0.032802341,-0.005339348,-0.022439258,0.009802051,-0.001492542,-0.032818281
ENSG00000185905,0.020754432,-0.03282366,-0.018625382,-0.022820508,0.026179212,0.020372288,-0.032525973
ENSG00000059804,0.010093602,-0.032813713,0.009968651,0.023553693,0.154543717,0.066204894,-0.030820673
ENSG00000226979,-0.032027537,-0.03282366,-0.031210521,-0.032768838,-0.027973025,-0.029097229,-0.032297577
ENSG00000135925,-0.032725109,-0.03282366,-0.032242441,-0.032813512,-0.031069811,-0.031348517,-0.03282366
ENSG00000211779,-0.031738857,-0.03282366,-0.032543369,-0.032799067,-0.030524274,-0.031044112,-0.03282366
ENSG00000139626,-0.025228292,-0.03282366,-0.022391521,-0.031198923,-0.01800939,-0.020504932,-0.032794144
ENSG00000082074,0.012236487,-0.032812123,-0.022056598,-0.015669311,0.012460458,-0.008145108,-0.031451455
ENSG00000132819,-0.021537333,0.090685237,0.055719377,-0.025546195,0.113595164,0.108881884,-0.029117149
ENSG00000150637,-0.031902251,-0.032820666,-0.032250696,-0.032781131,-0.028898929,-0.031335349,-0.031905875
ENSG00000081320,-0.006563145,-0.032267091,0.008572717,-0.004330893,0.047417019,0.027256132,-0.032712194
ENSG00000170571,-0.014236174,-0.032814596,-0.018847217,-0.022910304,0.001073456,-0.0084532,-0.03275047
ENSG00000174500,-0.03219533,-0.03282366,-0.031550929,-0.03280993,-0.030459656,-0.031873736,-0.032763271
ENSG00000115165,-0.00812997,-0.03282366,0.014012372,-0.006060011,0.022027322,-0.002003069,-0.032493954
ENSG00000101109,-0.009747543,-0.032747901,-0.015368777,-0.025245657,-0.004809759,-0.010690882,-0.032393057
ENSG00000145365,-0.030708418,-0.03282366,-0.03032343,-0.032542566,-0.029386316,-0.030946396,-0.032818002
ENSG00000155307,-0.027191571,-0.03282366,-0.026549964,-0.024762813,-0.018032447,-0.023673874,-0.032781919
ENSG00000260997,-0.030456474,-0.03282366,-0.024821186,-0.026667343,-0.024408418,-0.024905015,-0.032811077
ENSG00000117091,-0.014522088,-0.03282366,0.008639412,-0.001334662,0.012854489,0.001796264,-0.032438047
ENSG00000156127,-0.027120825,-0.03282366,-0.031031622,-0.029316734,-0.025796724,-0.029212827,-0.032762315
ENSG00000070831,-0.032131746,-0.03279339,-0.029442582,-0.031057634,-0.029032635,-0.029601338,-0.032816977
ENSG00000030419,-0.031376267,-0.032823104,-0.031664534,-0.032816588,-0.031232297,-0.031961739,-0.032816784
ENSG00000154165,-0.032109813,-0.03282366,-0.031696761,-0.03282366,-0.031265767,-0.032182899,-0.03282366
ENSG00000127311,-0.031425068,-0.032814779,-0.032207912,-0.032533759,-0.030733733,-0.030981988,-0.03281233
ENSG00000167513,-0.032725516,-0.03282162,-0.032666912,-0.032696506,-0.031626465,-0.032092345,-0.032805639
ENSG00000164104,0.008773074,-0.032377212,0.001542981,-0.005617608,0.009707545,0.002509045,-0.032394704
ENSG00000110031,-0.023396623,-0.032818142,-0.021325669,-0.021468283,-0.018925796,-0.021312979,-0.032521482
ENSG00000185262,0.006434173,-0.029171984,0.012922481,-0.000599965,0.036937955,0.021029136,-0.031043847
ENSG00000085117,-0.018781965,-0.032311531,-0.019632931,-0.029118748,-0.017836767,-0.026057559,-0.03028188
ENSG00000139725,-0.032241811,-0.032820357,-0.03206226,-0.03247632,-0.031378949,-0.031408414,-0.032815879
ENSG00000240403,-0.03227692,-0.03282366,-0.032319045,-0.032786764,-0.031643131,-0.031963002,-0.032785225
ENSG00000137310,-0.032108137,-0.032810192,-0.03111979,-0.032640148,-0.031094769,-0.031494236,-0.032371664
ENSG00000116830,-0.032335549,-0.032822323,-0.031856511,-0.032378954,-0.03180711,-0.031968766,-0.032809488
ENSG00000123908,-0.028754323,-0.031394136,-0.030034457,-0.03134412,-0.028522871,-0.029200522,-0.032739366
ENSG00000148773,-0.032624675,-0.032428745,-0.032658799,-0.032792567,-0.03191298,-0.032446103,-0.032820844
ENSG00000145386,-0.032544813,-0.032796899,-0.032516882,-0.032727748,-0.032117077,-0.032324852,-0.032819363
ENSG00000237350,-0.032487767,-0.032776389,-0.03217276,-0.032237516,-0.032017409,-0.032403923,-0.03282366
ENSG00000171848,-0.032722844,-0.032810872,-0.032732838,-0.032815529,-0.03238744,-0.03258211,-0.032816884
ENSG00000166803,-0.032781431,-0.032792669,-0.03279988,-0.032814387,-0.032560705,-0.032652961,-0.03282366
ENSG00000137804,-0.03267069,-0.032795248,-0.032676095,-0.032757416,-0.032486754,-0.032594315,-0.032811114
ENSG00000253882,-0.03277536,-0.03282366,-0.032750174,-0.032816496,-0.032589401,-0.032678144,-0.03282366
ENSG00000248503,-0.032571078,-0.032661386,-0.032543852,-0.032688452,-0.032403734,-0.032493931,-0.032813777
ENSG00000090889,-0.032796765,-0.032655472,-0.032784483,-0.03282366,-0.03264218,-0.032741233,-0.03282366
ENSG00000203812,-0.032690639,-0.032761665,-0.032787718,-0.032665976,-0.03265448,-0.032803643,-0.03282366
ENSG00000115163,-0.032803814,-0.032775602,-0.032783857,-0.032810564,-0.032656381,-0.032729449,-0.03282366
ENSG00000229839,-0.032764858,-0.03282366,-0.032769923,-0.03278594,-0.032744165,-0.032805704,-0.032817112
ENSG00000163009,-0.032783245,-0.03282094,-0.032803944,-0.03282366,-0.032770629,-0.032792914,-0.03282366
ENSG00000221887,-0.032822277,-0.03282366,-0.032813524,-0.03282366,-0.032810028,-0.032819897,-0.03282366
ENSG00000182162,-0.032821177,-0.03282366,-0.03282366,-0.03282366,-0.032814733,-0.03282366,-0.03282366
ENSG00000256039,-0.030802516,-0.03282366,-0.032255327,-0.03282366,-0.032747229,-0.019264044,-0.032754399
ENSG00000111537,-0.032432838,-0.03282366,-0.031892115,-0.032816553,-0.029294085,-0.025515377,-0.03282366
ENSG00000105374,0.045002546,-0.03282366,0.031396831,-0.025583347,-0.021967543,0.168924627,-0.030058834
ENSG00000197540,-0.015657095,-0.032722814,-0.025797201,-0.032383945,-0.009038487,0.025670678,-0.032569189
ENSG00000125657,-0.03273096,-0.03282366,-0.027703863,-0.031315853,-0.029898993,-0.019510863,-0.03282366
ENSG00000103522,-0.031841098,-0.03282366,-0.031184996,-0.032665312,-0.027134696,-0.022262329,-0.03279287
ENSG00000100450,-0.00288036,-0.03282366,-0.00989572,-0.032414028,-0.028247323,0.026815429,-0.03167312
ENSG00000077984,0.054200844,-0.03282366,-0.013006236,-0.031557706,-0.010737881,0.074471605,-0.030987771
ENSG00000158050,-0.026055025,-0.03282366,0.017197136,0.072779723,0.130410196,0.27967725,-0.032219982
ENSG00000020633,-0.015590665,-0.03282366,0.005018517,-0.021676686,0.080629665,0.11774187,-0.032432881
ENSG00000173762,-0.025987763,-0.03282366,-0.029306432,-0.028455647,-0.00413246,0.003150355,-0.032573073
ENSG00000027869,-0.02936426,-0.03282366,-0.030745929,-0.032782306,-0.022470781,-0.02146231,-0.032665705
ENSG00000100385,-0.021048316,-0.03282366,-0.02439954,-0.032575005,-0.004499459,-0.002177004,-0.032631792
ENSG00000172543,-0.013213773,-0.03282366,-0.023990502,-0.03254668,-0.02641707,0.009989973,-0.027444785
ENSG00000153898,-0.03147878,-0.03282366,-0.029444131,-0.032665211,-0.028860816,-0.023804103,-0.032809687
ENSG00000056558,-0.028463497,-0.032822605,-0.027517993,-0.030956434,-0.014666536,-0.011955722,-0.032722981
ENSG00000073861,-0.024783511,-0.03282366,-0.026120329,-0.032744179,-0.023108252,-0.011811615,-0.032616671
ENSG00000211694,-0.02936938,-0.03282366,-0.030318551,-0.032772936,-0.026344858,-0.023551276,-0.032800177
ENSG00000232208,-0.032389185,-0.03282366,-0.032683514,-0.03282366,-0.032748271,-0.031012892,-0.032789502
ENSG00000100298,-0.032032605,-0.03282366,-0.031987669,-0.032775221,-0.030511468,-0.02959094,-0.032804438
ENSG00000205045,-0.030427575,-0.03282366,-0.031878253,-0.032778676,-0.029464454,-0.02908207,-0.032788671
ENSG00000164674,-0.023670507,-0.032816609,-0.030142459,-0.029822444,-0.023926009,-0.017754849,-0.032773838
ENSG00000170340,-0.025024763,-0.032752282,-0.025554135,-0.029346983,-0.017778816,-0.015519338,-0.032794242
ENSG00000147168,-0.017079672,-0.03282366,-0.019690073,-0.027419373,-0.008065244,-0.006106451,-0.03218762
ENSG00000134242,-0.025764446,-0.032802497,-0.026007319,-0.030780072,-0.024246076,-0.02281036,-0.032791618
ENSG00000100226,-0.024943187,-0.032069259,-0.023585655,-0.027420256,-0.013999683,-0.013198412,-0.032355431
ENSG00000254328,-0.032774913,-0.03282366,-0.032227347,-0.032680964,-0.032094617,-0.031314115,-0.03282366
ENSG00000130810,-0.03245018,-0.03282366,-0.031868736,-0.032441591,-0.031282593,-0.030658096,-0.03282366
ENSG00000239713,-0.027503502,-0.032808636,-0.027058503,-0.030264964,-0.029541289,-0.025122728,-0.03267328
ENSG00000180448,0.033050762,-0.032812748,0.026454663,0.015161192,0.047974769,0.048293879,-0.030581971
ENSG00000105329,0.01317825,-0.032821558,0.008701237,0.033306153,0.078574294,0.094261444,-0.002274049
ENSG00000227766,-0.032037859,-0.03282366,-0.03161149,-0.031829817,-0.030899515,-0.030853741,-0.032811552
ENSG00000272269,-0.032666865,-0.032798634,-0.03225236,-0.032592916,-0.031933397,-0.0318641,-0.032801558
ENSG00000205089,-0.032722789,-0.03282366,-0.032798698,-0.032820923,-0.0324418,-0.032423979,-0.03282366
ENSG00000233483,-0.032645386,-0.03282366,-0.032686047,-0.032760663,-0.03248571,-0.032477115,-0.03282366
ENSG00000271581,-0.032639774,-0.03282366,-0.032694234,-0.032579066,-0.032582657,-0.03251316,-0.032811527
ENSG00000226784,-0.032739237,-0.03282366,-0.032746278,-0.032767079,-0.032771627,-0.032694372,-0.03282366
ENSG00000104918,-0.031113759,-0.03282366,-0.031476534,-0.011863982,-0.03282366,-0.032781393,-0.03282366
ENSG00000186407,-0.024900485,-0.032821846,-0.016338669,0.05446056,-0.032728178,-0.032782655,-0.032423081
ENSG00000110203,-0.014187661,-0.03282366,-0.031085047,0.01846039,-0.032747623,-0.03282366,-0.03282366
ENSG00000085265,0.04765335,-0.03282366,0.007320854,0.264990264,-0.032567932,-0.032748647,-0.030914243
ENSG00000268734,-0.017082831,-0.03282366,-0.031926726,-0.006957131,-0.03282366,-0.03282366,-0.032695064
ENSG00000170909,-0.004429469,-0.03282366,-0.025315064,0.03332018,-0.032607186,-0.032660189,-0.032627495
ENSG00000187116,-0.005521405,-0.03282366,-0.009256713,0.074580881,-0.032718115,-0.032692536,-0.032420591
ENSG00000011422,-0.019572424,-0.03282366,-0.017954515,0.044635849,-0.030519445,-0.031516855,-0.032702263
ENSG00000126759,-0.010525381,-0.03282366,-0.02257271,0.03285902,-0.031630739,-0.032383455,-0.032652412
ENSG00000011600,0.307876381,-0.03282366,0.049108859,0.436366768,-0.032062948,-0.031927054,-0.028912949
ENSG00000121316,0.014632061,-0.03282366,-0.025225134,0.02195155,-0.032520085,-0.032692142,-0.032480849
ENSG00000178789,-0.018003787,-0.03282366,-0.030404246,-0.009297271,-0.032770001,-0.032726694,-0.03273525
ENSG00000109743,-0.013559408,-0.03282366,-0.030416686,-0.012186549,-0.032792493,-0.032746218,-0.032795417
ENSG00000162711,-0.030474566,-0.03282366,-0.028725329,-0.009500813,-0.031468072,-0.032049753,-0.032755415
ENSG00000169385,-0.015000735,-0.03282366,-0.025126658,0.001689265,-0.032753363,-0.032707216,-0.032616628
ENSG00000214212,-0.003861452,-0.03282366,-0.013412628,0.033687856,-0.032289526,-0.032620021,-0.03263927
ENSG00000183019,-0.023798725,-0.03282366,-0.032130019,-0.019570343,-0.032802776,-0.032754472,-0.032148663
ENSG00000114013,-0.030506678,-0.03282366,-0.01958049,-0.012730986,-0.032522189,-0.032535558,-0.032617018
ENSG00000181444,-0.009972989,-0.03282366,-0.030210938,-0.007885212,-0.031770521,-0.032224745,-0.032770886
ENSG00000099985,-0.028712622,-0.03282366,-0.026691074,0.019138194,-0.027476055,-0.02651276,-0.032761096
ENSG00000133246,-0.014414331,-0.032820043,-0.022105261,0.006837486,-0.032657935,-0.032587107,-0.03258082
ENSG00000160883,0.030431616,-0.032821591,-0.001473492,0.059113107,-0.032686538,-0.032586501,-0.032436268
ENSG00000066336,0.184312355,-0.03282037,0.046273454,0.199259827,-0.030874095,-0.031442671,-0.031725306
ENSG00000141574,0.011541778,-0.03282366,-0.017452795,0.023599658,-0.031501731,-0.032422828,-0.03270996
ENSG00000150337,-0.028852555,-0.03282366,-0.032195088,-0.025977262,-0.032819235,-0.03282366,-0.032803607
ENSG00000136315,-0.032401358,-0.03282366,-0.03191608,-0.028199799,-0.03282366,-0.03282366,-0.03282366
ENSG00000000938,0.133236862,-0.03282366,0.052905593,0.172165868,-0.031910824,-0.027483918,-0.031920319
ENSG00000232810,-0.030630781,-0.03282366,0.01036779,0.018761319,-0.027891482,-0.022634119,-0.032809312
ENSG00000158869,0.02846363,-0.03282366,0.056392453,0.185547452,-0.031928994,-0.031638072,0.012976465
ENSG00000163131,0.189362919,-0.03282366,0.106274972,0.263157024,-0.014141563,-0.021005017,-0.031472834
ENSG00000177674,-0.00587851,-0.03282366,-0.024501142,0.013578727,-0.029118264,-0.029578714,-0.032171858
ENSG00000231680,-0.032359,-0.03282366,-0.032503132,-0.029949747,-0.03281019,-0.032801347,-0.03282366
ENSG00000226091,-0.031178305,-0.03282366,-0.032682539,-0.030279942,-0.032797887,-0.032798433,-0.032789689
ENSG00000143110,-0.017891005,-0.032821201,-0.018637323,0.021854274,-0.024291114,-0.027185987,-0.032267647
ENSG00000122694,0.016618995,-0.032801379,-0.023535473,0.017134142,-0.021557304,-0.026366659,-0.032485184
ENSG00000107738,0.096255434,-0.032801094,0.017733311,0.113933357,-0.013280437,-0.01820172,-0.03099946
ENSG00000140379,0.029395915,-0.03282366,0.013717261,0.047934293,-0.024453118,-0.025981717,-0.032558674
ENSG00000100300,0.023014499,-0.031434166,-0.009497206,0.106240011,-0.007307846,-0.015421742,-0.032476582
ENSG00000163931,0.012717525,-0.03265325,-0.014031346,0.032081665,-0.023388964,-0.026490282,-0.032479654
ENSG00000005381,-0.032275934,-0.03282366,-0.032541047,-0.030437244,-0.032774741,-0.032808077,-0.03282366
ENSG00000115956,0.057190742,-0.03282366,0.027561882,0.057666247,-0.029272291,-0.026244555,-0.021833911
ENSG00000213876,-0.031527524,-0.03282366,-0.032511154,-0.030421143,-0.032803648,-0.03282366,-0.032805525
ENSG00000139572,-0.032191787,-0.03282366,-0.032171704,-0.030192269,-0.032810671,-0.032775249,-0.03282366
ENSG00000160999,-0.02624807,-0.03282366,-0.02633857,-0.026022332,-0.032511982,-0.032496373,-0.032268872
ENSG00000028137,0.066085513,-0.03281643,0.06699183,0.172493743,0.00424101,-0.00514858,-0.031680667
ENSG00000117410,0.005173604,-0.032567551,-0.014319159,0.011303247,-0.025680768,-0.025048633,-0.03246992
ENSG00000015475,-0.019694864,-0.032819067,-0.025367365,-0.019374901,-0.03117031,-0.031110723,-0.032201648
ENSG00000182117,0.02505957,-0.032553342,-0.009814221,0.038166016,-0.019770627,-0.022627633,-0.027202435
ENSG00000135604,0.010517915,-0.03282366,-0.006021812,0.016232086,-0.0211947,-0.024675687,-0.031300399
ENSG00000160255,0.116078365,-0.03281665,0.038362462,0.141892304,0.019893455,0.016447167,-0.031967472
ENSG00000100599,-0.016611467,-0.032819741,-0.016916945,-0.006769223,-0.027592936,-0.025658911,-0.032707342
ENSG00000126264,-0.023275088,-0.03282366,-0.026594869,-0.000964022,-0.020312659,-0.009697321,-0.032215606
ENSG00000254911,-0.031262503,-0.032534406,-0.027261652,-0.025589144,-0.031057021,-0.031484997,-0.03282366
ENSG00000103187,0.055171323,-0.03282064,0.05636678,0.132237316,0.010472909,0.0004211,-0.027016256
ENSG00000120949,-0.031321958,-0.03282366,-0.03123471,-0.03088987,-0.032674575,-0.032767802,-0.032791494
ENSG00000213719,0.073581698,-0.032553759,0.025535721,0.094065402,0.002336049,-0.008513227,-0.022843056
ENSG00000108932,-0.029728045,-0.032821984,-0.030581214,-0.026645949,-0.031157327,-0.031048455,-0.032805896
ENSG00000177105,0.063050837,-0.032804561,0.013999629,0.068309489,0.0254107,0.008155678,-0.031082844
ENSG00000114353,0.032414369,-0.032806754,0.013572344,0.045465238,0.001563664,-0.008166973,-0.030121846
ENSG00000183696,-0.024939744,-0.032822173,-0.028074828,-0.017068374,-0.023512167,-0.022597693,-0.032671294
ENSG00000054967,-0.023651919,-0.03282366,-0.017538891,-0.013963895,-0.024716011,-0.019958548,-0.032789426
ENSG00000074800,-0.011452226,-0.032777213,0.010288004,0.044711023,0.010829895,-0.001671489,-0.027673216
ENSG00000233328,-0.032188329,-0.03282366,-0.030747777,-0.028832893,-0.029561407,-0.030875169,-0.032738385
ENSG00000076944,-0.015564176,-0.032510145,-0.020534948,-0.001771562,-0.025565066,-0.024885591,-0.029315729
ENSG00000165233,-0.023942229,-0.03282366,-0.027001885,-0.009126074,-0.025743635,-0.024067021,-0.029705517
ENSG00000187608,-0.014315754,-0.03236069,-0.022454109,-0.00943808,-0.016255551,-0.021729061,-0.03260644
ENSG00000150977,-0.023975378,-0.03282366,-0.027364353,-0.020628446,-0.023969292,-0.029566719,-0.032052228
ENSG00000111331,-0.029146582,-0.03282366,-0.027391289,-0.026506466,-0.029184488,-0.030937692,-0.032685222
ENSG00000171314,-0.022228189,-0.032818359,-0.02415609,-0.017603299,-0.024758136,-0.027200532,-0.032299259
ENSG00000160446,-0.026604292,-0.032807934,-0.029685599,-0.026433491,-0.028184508,-0.0296161,-0.032652355
ENSG00000104903,-0.024941093,-0.02324699,-0.025946685,-0.022137847,-0.031704828,-0.03230572,-0.030641724
ENSG00000108518,0.174006475,-0.032738015,0.135657785,0.234080614,0.189650568,0.138345852,-0.003559945
ENSG00000260335,-0.031097055,-0.03282366,-0.031200918,-0.030773343,-0.032125314,-0.031377675,-0.03282366
ENSG00000250687,-0.032343185,-0.03282366,-0.032725355,-0.032141459,-0.03282366,-0.032783843,-0.03282366
ENSG00000242550,-0.032630117,-0.03282366,-0.03273596,-0.03217279,-0.03282366,-0.03282366,-0.032819207
ENSG00000149781,0.01222167,-0.032728192,-0.00684504,0.029847075,-0.005948927,-0.010848259,0.006114407
ENSG00000142669,0.060891702,-0.026382435,0.04881895,0.210689119,0.076051571,0.065909489,0.113939168
ENSG00000205846,-0.032674232,-0.03282366,-0.032694613,-0.032283248,-0.03282366,-0.03282366,-0.03282366
ENSG00000137959,-0.032089749,-0.032822331,-0.032168478,-0.031734785,-0.032223723,-0.032485605,-0.032788435
ENSG00000170043,-0.006100041,-0.032759717,-0.010032646,-0.004265513,-0.015056669,-0.018999986,-0.012903819
ENSG00000177173,-0.032255187,-0.032800127,-0.032346122,-0.032000619,-0.032387873,-0.032253765,-0.03282366
ENSG00000172232,-0.032260807,-0.03282366,-0.032546984,-0.032245887,-0.032592967,-0.032453851,-0.032810173
ENSG00000229671,-0.03275008,-0.03282366,-0.032709731,-0.032403811,-0.032803232,-0.032806741,-0.032786636
ENSG00000250575,-0.032690953,-0.03282366,-0.032807734,-0.032516232,-0.03282366,-0.032779312,-0.03282366
ENSG00000185198,-0.032567606,-0.03282366,-0.032724093,-0.032529803,-0.032543681,-0.032813578,-0.032790567
ENSG00000104904,0.073283684,0.066040022,0.042143962,0.104847701,0.008866584,0.004149139,0.044792011
ENSG00000186076,-0.032730631,-0.03282366,-0.03260441,-0.032518123,-0.032702249,-0.032680007,-0.03282366
ENSG00000203395,-0.032802811,-0.03282366,-0.032802757,-0.032658593,-0.03282366,-0.032808139,-0.032747238
ENSG00000254325,-0.032789067,-0.03282366,-0.03282366,-0.032695029,-0.03282366,-0.032791002,-0.03282366
ENSG00000216285,-0.03278599,-0.03282366,-0.032759175,-0.032687866,-0.032719593,-0.032780564,-0.03282366
ENSG00000186652,-0.03281845,-0.03282366,-0.032786085,-0.032710622,-0.032794784,-0.032793765,-0.03282366
ENSG00000259674,-0.032781493,-0.03282366,-0.032737546,-0.032715719,-0.032807116,-0.032796255,-0.032793676
ENSG00000198223,-0.032821137,-0.03282366,-0.03282366,-0.03281688,-0.03282366,-0.03282366,-0.03282366
ENSG00000162747,0.58818459,-0.03282366,-0.032223272,-0.032716611,-0.03282366,-0.032816508,-0.032804097
ENSG00000105205,0.485258155,-0.03282366,-0.032575061,-0.032769129,-0.032760974,-0.032321778,-0.03271005
ENSG00000180871,0.25991809,-0.03282366,-0.032658764,-0.032531614,-0.032807234,-0.032793049,-0.032752954
ENSG00000163464,0.196776264,-0.03282366,-0.032661073,-0.032681003,-0.032807661,-0.032805992,-0.032799497
ENSG00000162551,0.062093478,-0.032821397,-0.032751476,-0.03282366,-0.032814835,-0.03282366,-0.03282366
ENSG00000173535,0.12810352,-0.03282366,-0.032580701,-0.031614105,-0.03282366,-0.03282366,-0.03282366
ENSG00000008516,0.253021985,-0.03282366,-0.032589318,-0.030089793,-0.032473133,-0.032251014,-0.03280909
ENSG00000182885,0.051322,-0.03282366,-0.032699221,-0.032475305,-0.032815691,-0.032523347,-0.032812828
ENSG00000008438,0.003211188,-0.03282366,-0.032768848,-0.032799614,-0.032713089,-0.032762608,-0.032806961
ENSG00000183625,0.001168128,-0.03282366,-0.032782182,-0.032799398,-0.03273441,-0.03266966,-0.032810181
ENSG00000100985,0.075408029,-0.032820746,-0.03258714,-0.032467898,-0.031062846,-0.030908967,-0.03282366
ENSG00000126262,0.095341982,-0.03282366,-0.030624523,-0.026462916,-0.032811312,-0.032818547,-0.032784495
ENSG00000092067,-0.013207728,-0.03282366,-0.032791916,-0.032500559,-0.032789507,-0.032809517,-0.032800449
ENSG00000173110,0.046425656,-0.03282366,-0.031870739,-0.027901899,-0.032801276,-0.032781946,-0.032798305
ENSG00000171049,0.020628791,-0.03282366,-0.03215702,-0.029522341,-0.03282366,-0.03282366,-0.032784664
ENSG00000231412,-0.014143074,-0.03282366,-0.03282366,-0.032392254,-0.032779579,-0.03282366,-0.032743768
ENSG00000163421,0.057273379,-0.03282366,-0.032278934,-0.024639349,-0.032453259,-0.032721401,-0.032734153
ENSG00000206344,-0.004705961,-0.03282366,-0.032488694,-0.032670027,-0.032357827,-0.032509917,-0.032596359
ENSG00000103569,0.138699164,-0.03282366,-0.030389877,-0.012413722,-0.032803153,-0.032820263,-0.032730741
ENSG00000164047,-0.017842467,-0.03282366,-0.032664741,-0.032498301,-0.03282366,-0.032808909,-0.032807521
ENSG00000181631,0.054022561,-0.03282366,-0.030507013,-0.024999881,-0.03282366,-0.032799805,-0.03281061
ENSG00000131355,0.021524707,-0.03282366,-0.030883096,-0.028942246,-0.032814307,-0.032819787,-0.032815184
ENSG00000100368,0.1370721,-0.032820938,-0.025879775,-0.020555107,-0.031979778,-0.032214843,-0.03277797
ENSG00000119535,0.377306407,-0.03282366,-0.027797466,0.03425522,-0.032707173,-0.032689372,-0.032593998
ENSG00000115271,0.092663427,-0.032812513,-0.029584269,-0.020015517,-0.032197169,-0.032502734,-0.032764592
ENSG00000163563,0.498604906,-0.03282366,-0.017197663,0.033627165,-0.0323919,-0.032615506,-0.031264482
ENSG00000115590,-0.016530115,-0.03282366,-0.032605337,-0.032144743,-0.032776165,-0.032795051,-0.032815835
ENSG00000170956,-0.003562899,-0.03282366,-0.031157925,-0.031052932,-0.032819352,-0.032820092,-0.032788526
ENSG00000253616,-0.022660068,-0.03282366,-0.032767666,-0.032469917,-0.03282366,-0.03282366,-0.03282366
ENSG00000238160,-0.019761795,-0.032687382,-0.032675518,-0.032615687,-0.032770533,-0.032801659,-0.032655159
ENSG00000112303,0.153161601,-0.03282366,-0.025527937,-0.01308015,-0.031488235,-0.030248455,-0.032430935
ENSG00000169403,0.041396463,-0.03282366,-0.03128271,-0.018028204,-0.032792646,-0.032797973,-0.032655031
ENSG00000234506,-0.009117895,-0.03282366,-0.032035859,-0.030289132,-0.032747984,-0.03282366,-0.03282366
ENSG00000176788,0.121855152,-0.032805238,-0.023696131,-0.012803855,-0.03162069,-0.032461805,-0.032709768
ENSG00000255801,-0.026251769,-0.03282366,-0.03282366,-0.032731238,-0.03282366,-0.03282366,-0.03282366
ENSG00000135636,0.007315648,-0.032793627,-0.032269521,-0.025019447,-0.032716069,-0.032527497,-0.032792117
ENSG00000119917,0.009900208,-0.032743728,-0.030091748,-0.030315128,-0.031778257,-0.032432368,-0.032677918
ENSG00000198736,0.08091364,-0.032817349,-0.029571494,-0.009509839,-0.032103946,-0.032084914,-0.032517074
ENSG00000105352,0.007035713,-0.03282366,-0.031818226,-0.025321863,-0.032463735,-0.032791433,-0.03275314
ENSG00000239839,-0.024913635,-0.03282366,-0.032467048,-0.032788894,-0.032770373,-0.03282366,-0.032799516
ENSG00000146592,-0.01758658,-0.032823077,-0.032570116,-0.030171865,-0.032821387,-0.032819895,-0.032812331
ENSG00000171051,0.218998821,-0.03282366,-0.024566264,0.060746912,-0.032700898,-0.032764349,-0.032476018
ENSG00000093134,-0.018598087,-0.03282366,-0.032613303,-0.030230643,-0.032809861,-0.032777942,-0.032795524
ENSG00000239906,-0.026325655,-0.03282366,-0.03282366,-0.032689653,-0.032618264,-0.032789637,-0.03282366
ENSG00000112195,-0.005503897,-0.032800984,-0.028972167,-0.031203442,-0.032518266,-0.03277041,-0.032681647
ENSG00000166527,-0.015824351,-0.03282366,-0.032612905,-0.028273737,-0.03282366,-0.032818201,-0.03282366
ENSG00000260078,-0.024468539,-0.03282366,-0.0327255,-0.031846204,-0.03282059,-0.03282366,-0.032820878
ENSG00000151948,0.004393371,-0.032821703,-0.031961283,-0.018548991,-0.03281603,-0.032792063,-0.032782175
ENSG00000123610,-0.024712418,-0.03282366,-0.032723686,-0.031891632,-0.03282366,-0.03282366,-0.03282366
ENSG00000158825,0.062978706,-0.03282366,-0.029299258,0.009462987,-0.03282366,-0.032812249,-0.032548974
ENSG00000257878,-0.028374268,-0.03282366,-0.03282366,-0.032813618,-0.03282366,-0.03282366,-0.03282366
ENSG00000163220,5.938308178,-0.032752876,0.191911995,3.375743074,-0.029167325,-0.032252283,-0.013610618
ENSG00000248323,-0.026948945,-0.03282366,-0.032796814,-0.032538901,-0.0328028,-0.032809706,-0.03280912
ENSG00000188897,-0.025756127,-0.03282366,-0.032663693,-0.032802787,-0.032690169,-0.032512077,-0.03282366
ENSG00000163221,0.226584872,-0.03282366,-0.024747789,0.130337113,-0.032695585,-0.032760015,-0.032127303
ENSG00000267174,-0.012878496,-0.03282366,-0.032362754,-0.027338853,-0.03274618,-0.032791574,-0.032735896
ENSG00000143226,0.063930273,-0.032821099,-0.02691949,-0.002703721,-0.032808679,-0.032788504,-0.031676491
ENSG00000142405,-0.014796079,-0.03282366,-0.03226907,-0.027799326,-0.032813229,-0.032817181,-0.032814208
ENSG00000159339,0.040349492,-0.03282366,-0.031206401,-0.014676521,-0.032752204,-0.032705295,-0.028363813
ENSG00000101236,-0.00041557,-0.032758856,-0.031632193,-0.029481927,-0.031603739,-0.031869174,-0.032516323
ENSG00000204936,-0.028757664,-0.03282366,-0.032819716,-0.03282366,-0.03282366,-0.03282366,-0.03282366
ENSG00000134830,-0.017497634,-0.03282266,-0.031347055,-0.030663891,-0.032806104,-0.032791348,-0.03281659
ENSG00000160593,0.112954851,-0.03282366,-0.026924806,-0.000472454,-0.028901956,-0.027794115,-0.032556216
ENSG00000101307,-0.001122115,-0.03282366,-0.031072643,-0.023369437,-0.032653746,-0.032668498,-0.032772336
ENSG00000135083,-0.027987526,-0.032820704,-0.032771163,-0.03282178,-0.03282366,-0.032822467,-0.032640869
ENSG00000177191,-0.020940032,-0.032805498,-0.032265589,-0.031636455,-0.03261125,-0.032606685,-0.032817244
ENSG00000185201,0.572064927,-0.03282366,0.010599466,0.025715587,0.001487207,-0.005417588,-0.03033007
ENSG00000230257,-0.027757363,-0.03282366,-0.03282366,-0.032807863,-0.03282366,-0.03282366,-0.032472601
ENSG00000128383,0.071588671,-0.032820774,-0.02623359,0.028193142,-0.032773017,-0.032772395,-0.032685984
ENSG00000180953,-0.021992602,-0.03282366,-0.032279609,-0.032319479,-0.032626358,-0.032524071,-0.03260017
ENSG00000103313,0.005209381,-0.032822248,-0.029388173,-0.020604484,-0.032801633,-0.032805417,-0.032741323
ENSG00000158517,0.050820046,-0.03282366,-0.024889601,-0.001751853,-0.032586037,-0.032633201,-0.032656953
ENSG00000166523,0.00240574,-0.03282366,-0.031438634,-0.002167095,-0.032801747,-0.032814586,-0.032709479
ENSG00000204577,0.047172874,-0.03281455,-0.02535529,0.00030936,-0.032710011,-0.032691292,-0.032665961
ENSG00000181274,0.058050885,-0.032749837,-0.026836128,-0.022512057,-0.027997084,-0.028225255,-0.032666096
ENSG00000124731,0.003495917,-0.032822088,-0.030808925,-0.011464383,-0.032814465,-0.032816045,-0.032768111
ENSG00000059728,0.090808443,-0.032801152,-0.024616522,-0.008853967,-0.028593005,-0.02874348,-0.032537786
ENSG00000140749,0.011831907,-0.03282366,-0.029125203,-0.016166733,-0.032692177,-0.032621419,-0.032721533
ENSG00000102010,-0.029229685,-0.032821235,-0.03282366,-0.032802064,-0.03282366,-0.03282366,-0.03282366
ENSG00000100365,0.152694051,-0.03282366,-0.013164025,0.007005938,-0.025997013,-0.030305886,-0.032563909
ENSG00000165178,0.057828088,-0.03282366,-0.0222245,-0.000228352,-0.03250752,-0.032261479,-0.032570883
ENSG00000235568,0.03131977,-0.03282249,-0.026866919,0.002473618,-0.032759792,-0.032766984,-0.032683104
ENSG00000255587,-0.018580167,-0.032822068,-0.032110352,-0.028483059,-0.03276778,-0.032746523,-0.032815221
ENSG00000101916,-0.000666513,-0.03282366,-0.028544421,-0.022989442,-0.032796227,-0.032813562,-0.032801563
ENSG00000174130,-0.017161957,-0.032820277,-0.029596481,-0.03131749,-0.032700539,-0.032739896,-0.032821668
ENSG00000100504,0.020655011,-0.032817985,-0.029467728,-0.016682644,-0.032796006,-0.032736624,-0.029783884
ENSG00000116701,0.251582277,-0.03282366,0.000842313,0.093813017,-0.030802557,-0.031832805,-0.031710804
ENSG00000236438,-0.027223845,-0.03282366,-0.032705393,-0.032474503,-0.032735715,-0.032693479,-0.03282366
ENSG00000182487,0.02545562,-0.03282366,-0.02476257,-0.016574911,-0.032349284,-0.032297875,-0.032741479
ENSG00000204131,-0.022224581,-0.032823276,-0.032446417,-0.031529966,-0.032411499,-0.032531327,-0.032815512
ENSG00000196209,-0.009062852,-0.03282366,-0.030599142,-0.02358723,-0.032815753,-0.032808379,-0.032773502
ENSG00000127507,-0.004435986,-0.032818923,-0.02654252,-0.027916881,-0.032737481,-0.032696202,-0.032798559
ENSG00000211821,-0.023796467,-0.03282366,-0.030888352,-0.032807013,-0.032772627,-0.032654591,-0.032546189
ENSG00000186431,-0.018201928,-0.03282366,-0.032160627,-0.020284698,-0.032818052,-0.032819016,-0.032793169
ENSG00000113749,-0.006102525,-0.03282366,-0.030241993,-0.025334431,-0.032283945,-0.03255855,-0.032794019
ENSG00000189068,-0.003845237,-0.03282366,-0.030092001,-0.012515382,-0.032814217,-0.03282366,-0.032729524
ENSG00000261971,-0.012993956,-0.03282366,-0.032191696,-0.032371934,-0.030797838,-0.029563525,-0.032788804
ENSG00000174125,-0.007194004,-0.032817656,-0.028070008,-0.029448712,-0.03208928,-0.032423822,-0.032815706
ENSG00000136869,-0.020020929,-0.03282366,-0.03173385,-0.028481515,-0.032821661,-0.032822004,-0.032807353
ENSG00000140678,0.110821816,-0.03282366,-0.002941702,0.016853758,-0.032369745,-0.031896218,-0.032505814
ENSG00000171777,0.017609154,-0.03282366,-0.026332627,-0.011083116,-0.032189255,-0.032658148,-0.032717306
ENSG00000105514,-0.011554549,-0.032820578,-0.031012125,-0.024946806,-0.032460179,-0.032649501,-0.032812772
ENSG00000273112,-0.029031889,-0.03282366,-0.032645247,-0.032714079,-0.03282366,-0.03282366,-0.03282366
ENSG00000146094,0.02459239,-0.03282366,-0.021273796,-0.012058237,-0.032749381,-0.032732518,-0.031973545
ENSG00000018280,0.026817762,-0.03282366,-0.021678043,0.013926175,-0.032696725,-0.032755261,-0.032660128
ENSG00000244482,0.003515225,-0.032821156,-0.02665633,-0.006161821,-0.032774843,-0.032783228,-0.03275288
ENSG00000258476,-0.028591133,-0.03282366,-0.032754622,-0.032261953,-0.03282366,-0.032809679,-0.03282366
ENSG00000137642,0.051471624,-0.03282191,-0.028574602,-0.028088161,-0.018337983,-0.020483718,-0.032763693
ENSG00000203999,-0.029579648,-0.03282366,-0.032771285,-0.032645582,-0.03282366,-0.03282366,-0.03282366
ENSG00000073331,-0.025407504,-0.032823108,-0.032136023,-0.032131811,-0.032527607,-0.032632849,-0.032812929
ENSG00000184730,0.050771034,-0.03282366,-0.026782127,-0.001789417,-0.028607245,-0.028438876,-0.032639752
ENSG00000114268,-0.020323319,-0.032821431,-0.031337337,-0.028994894,-0.032688954,-0.032661706,-0.032798065
ENSG00000103381,0.016343125,-0.032815262,-0.023442785,-0.012823613,-0.031945773,-0.032323676,-0.03264564
ENSG00000137462,-0.00476178,-0.03282366,-0.027950094,-0.015831784,-0.032635454,-0.032659355,-0.032747604
ENSG00000132965,0.071634079,-0.03282366,-0.025649756,-0.022188045,-0.016909091,-0.022782532,-0.032508168
ENSG00000175538,-0.018020124,-0.032821809,-0.03069585,-0.025426334,-0.032816443,-0.03282366,-0.032683051
ENSG00000239998,-0.00640794,-0.03282366,-0.026995013,-0.010453942,-0.032766607,-0.032757917,-0.032713516
ENSG00000197405,0.095642664,-0.032814434,0.008781201,0.067770592,-0.032598845,-0.032685873,-0.032379543
ENSG00000115523,0.005177715,-0.032821429,-0.022494953,-0.032471823,-0.032314836,-0.025976389,-0.031440394
ENSG00000129450,-0.01493976,-0.03282366,-0.030744709,-0.023791711,-0.032604172,-0.032537994,-0.032733683
ENSG00000254789,-0.030346494,-0.03282366,-0.03282366,-0.03282366,-0.03282366,-0.03282366,-0.03282366
ENSG00000169896,0.031340939,-0.03282366,-0.024031087,0.005567727,-0.031545322,-0.030740912,-0.032356492
ENSG00000196358,-0.023719446,-0.03282366,-0.032301735,-0.03203025,-0.032336554,-0.031795453,-0.03281753
ENSG00000261172,-0.023646234,-0.03282366,-0.031787287,-0.026985711,-0.032795785,-0.032777486,-0.03282366
ENSG00000163191,0.53006704,-0.03281365,0.044989342,0.304680727,-0.006013307,-0.018375709,-0.028314743
ENSG00000158156,-0.00475122,-0.03282366,-0.030575603,-0.024977855,-0.030961318,-0.031068867,-0.032766676
ENSG00000085514,0.024252151,-0.03282366,-0.013799354,0.022030682,-0.032559082,-0.032440179,-0.032398093
ENSG00000172322,-0.00577337,-0.03282366,-0.024812244,-0.008179474,-0.032754256,-0.032756033,-0.032638679
ENSG00000237541,-0.030146041,-0.03282366,-0.032758921,-0.032778217,-0.032814954,-0.03281645,-0.032807881
ENSG00000204160,0.043097404,-0.032819904,-0.026639995,-0.028285001,-0.018932649,-0.020414994,-0.032786059
ENSG00000187037,-0.028404319,-0.03282366,-0.032657231,-0.031692872,-0.032800704,-0.032814154,-0.03282366
ENSG00000269981,0.064009112,-0.03282366,-0.024347,-0.018862891,-0.024086949,-0.017655064,-0.03282366
ENSG00000175489,0.033748061,-0.03282366,-0.00336782,0.023967731,-0.032686304,-0.032723549,-0.032664339
ENSG00000101336,0.096001513,-0.03282366,0.020844162,0.066282686,-0.032128476,-0.032489569,-0.032139254
ENSG00000188305,-0.025100037,-0.03282366,-0.032256369,-0.031242953,-0.032560763,-0.032477837,-0.032818989
ENSG00000168329,-0.011316168,-0.03282366,-0.026331623,-0.026769754,-0.032758316,-0.032387689,-0.032567065
ENSG00000255328,-0.029142805,-0.03282366,-0.032553246,-0.032796544,-0.032688585,-0.032634335,-0.03282366
ENSG00000165071,0.007449619,-0.03282366,-0.029776722,-0.025525575,-0.028506989,-0.029080241,-0.03249528
ENSG00000136040,0.001188193,-0.032786482,-0.023587061,-0.025578205,-0.03119176,-0.031606558,-0.032794474
ENSG00000268903,0.008741603,-0.03282366,-0.030000991,-0.026437049,-0.028500385,-0.026200853,-0.032759958
ENSG00000105835,0.103627145,-0.032821404,-0.011876494,0.013531729,-0.023226698,-0.025205461,-0.032775826
ENSG00000115607,-0.021593575,-0.03282366,-0.030854397,-0.032768205,-0.031852897,-0.031015544,-0.032706098
ENSG00000225101,-0.027240155,-0.032820509,-0.032293805,-0.028615447,-0.032817518,-0.032818573,-0.032806961
ENSG00000123405,0.043135807,-0.010927293,-0.03148498,-0.02021173,-0.032780668,-0.032788053,-0.02225598
ENSG00000121060,-0.008166041,-0.032810048,-0.029482979,-0.028933934,-0.030527738,-0.03084229,-0.03277557
ENSG00000148572,0.017565296,-0.032812918,-0.0271198,-0.028502043,-0.024064019,-0.025886579,-0.032760411
ENSG00000102524,-0.013432352,-0.032796957,-0.029062929,-0.01996425,-0.032138326,-0.032615295,-0.032650713
ENSG00000012779,0.077669075,-0.032820011,0.011646002,0.020345466,-0.029945835,-0.030667009,-0.032562554
ENSG00000105339,-0.001387457,-0.032823196,-0.025204366,-0.025899914,-0.03119109,-0.031141152,-0.032704816
ENSG00000086730,-0.004175446,-0.032822163,-0.023515279,-0.013311835,-0.032479173,-0.03234491,-0.032633185
ENSG00000197208,-0.025027883,-0.031851215,-0.03251901,-0.029973455,-0.032794043,-0.032786865,-0.03282366
ENSG00000151651,0.113999505,-0.032822236,-0.017355485,-0.006374849,-0.013922862,-0.013766776,-0.032723043
ENSG00000173638,-0.025029014,-0.032821618,-0.032249328,-0.030245987,-0.032410925,-0.032587339,-0.03281404
ENSG00000177663,0.011282434,-0.03282366,-0.028517264,-0.019563357,-0.028540297,-0.029304007,-0.032630716
ENSG00000224397,-0.004635015,-0.03282366,-0.012986447,-0.01499773,-0.032774939,-0.032805726,-0.032598
ENSG00000114626,0.065651032,-0.030985993,-0.02297022,-0.019384283,-0.023117674,-0.022888615,-0.030940606
ENSG00000112299,-0.022507515,-0.03282366,-0.030368209,-0.026276639,-0.032819389,-0.032820122,-0.032603005
ENSG00000183688,0.013872007,-0.032818021,-0.030330525,-0.023552342,-0.02668222,-0.028507985,-0.03124639
ENSG00000260528,-0.027693608,-0.032820651,-0.032291527,-0.031231588,-0.03275327,-0.032775077,-0.03282366
ENSG00000167261,0.026312342,-0.03282366,-0.020918128,-0.019759122,-0.027691471,-0.028726948,-0.032686167
ENSG00000102145,-0.021923914,-0.027427885,-0.03274473,-0.032800575,-0.032744049,-0.032794355,-0.02957724
ENSG00000057704,-0.022520749,-0.032822616,-0.030883722,-0.030066475,-0.032603705,-0.032233281,-0.032814433
ENSG00000211828,-0.02986856,-0.03282366,-0.03182031,-0.03282366,-0.03282366,-0.03282366,-0.03282366
ENSG00000255197,0.000627992,-0.03282366,-0.012248972,-0.006596297,-0.032358723,-0.0325077,-0.032683221
ENSG00000120280,-0.021665105,-0.03282366,-0.029951537,-0.028954891,-0.032373029,-0.032681478,-0.032791251
ENSG00000269385,-0.030348788,-0.03282366,-0.032642295,-0.032696353,-0.03282366,-0.03282366,-0.03282366
ENSG00000101265,0.069748204,-0.032820114,-0.013736981,-0.001781193,-0.022508767,-0.024919774,-0.032627405
ENSG00000152213,-0.026766305,-0.03282366,-0.031513658,-0.030126582,-0.032799384,-0.032815044,-0.032789091
ENSG00000184106,-0.026649281,-0.032733177,-0.032551279,-0.029300711,-0.03282366,-0.03282366,-0.032049122
ENSG00000196189,-0.016811558,-0.03282366,-0.029478498,-0.020276109,-0.032240169,-0.031910286,-0.03266151
ENSG00000164821,-0.030613291,-0.03282366,-0.032679744,-0.03282366,-0.03273764,-0.03282366,-0.03282366
ENSG00000198019,-0.029618237,-0.03282366,-0.032648675,-0.031457186,-0.03282366,-0.03282366,-0.032820106
ENSG00000180549,-0.025986789,-0.03282366,-0.03239602,-0.031302673,-0.032109909,-0.032313312,-0.032819007
ENSG00000254470,-0.004805199,-0.032822246,-0.028014594,-0.021697992,-0.030233928,-0.030738147,-0.032821161
ENSG00000146859,-0.005392791,-0.032679454,-0.029607416,-0.03153991,-0.030821612,-0.031317535,-0.023300286
ENSG00000141526,-0.014910444,-0.03282139,-0.029255567,-0.020548095,-0.031689303,-0.031639801,-0.032794253
ENSG00000171860,-0.020177557,-0.03282366,-0.029070336,-0.026321907,-0.032421582,-0.032439412,-0.032711551
ENSG00000142657,0.06770933,-0.032768579,-0.017312383,0.032532114,-0.02762538,-0.02843305,-0.02442404
ENSG00000180644,0.005436413,-0.03282366,-0.017915226,-0.032246306,-0.030404526,-0.01823461,-0.031594711
ENSG00000144118,0.017041266,-0.03281899,-0.017064695,-0.017407554,-0.029282336,-0.030712471,-0.031495476
ENSG00000215114,-0.017695788,-0.032770618,-0.029861947,-0.029675698,-0.031201397,-0.031769566,-0.032765661
ENSG00000113532,-0.021129196,-0.032820167,-0.030452665,-0.030606677,-0.031625163,-0.031993174,-0.032794349
ENSG00000233013,-0.03006417,-0.03282366,-0.032723713,-0.032084504,-0.032791657,-0.032813058,-0.03281786
ENSG00000091106,-0.027789027,-0.03282366,-0.031282735,-0.028464158,-0.032798031,-0.032796369,-0.032777211
ENSG00000120868,-0.017632659,-0.032818496,-0.029819362,-0.029920513,-0.03111559,-0.031253336,-0.032793251
ENSG00000142347,0.100236642,-0.032822864,-0.011323048,0.016673252,-0.0181846,-0.013694564,-0.032519866
ENSG00000165879,-0.001763535,-0.032821091,-0.0287602,-0.026418407,-0.027929961,-0.028044538,-0.032714725
ENSG00000116017,-0.0240026,-0.032817996,-0.030038935,-0.028590066,-0.032479524,-0.032553877,-0.032801981
ENSG00000064547,0.029279041,-0.03282366,-0.023732118,-0.024323634,-0.019626313,-0.018596323,-0.032718755
ENSG00000188056,-0.030159406,-0.03281613,-0.032649036,-0.031850079,-0.03282366,-0.03282366,-0.03282366
ENSG00000188404,0.348521366,-0.03282366,0.043637268,0.081072506,0.034872921,0.009577635,-0.030829257
ENSG00000167851,0.01581214,-0.03282366,-0.018949551,0.002249101,-0.029569101,-0.027078876,-0.032463347
ENSG00000145819,-0.021793888,-0.032808188,-0.03153273,-0.028704596,-0.032241352,-0.03057811,-0.032794228
ENSG00000182541,0.004457747,-0.032822557,-0.028232724,-0.029642917,-0.019701306,-0.021876914,-0.032757403
ENSG00000139370,-0.018985048,-0.032797651,-0.028879663,-0.030246753,-0.031599648,-0.030748134,-0.032803971
ENSG00000076662,0.005988401,-0.03282366,-0.025117931,-0.027383021,-0.021956911,-0.026505633,-0.032803281
ENSG00000253981,-0.02985666,-0.03282366,-0.03221682,-0.03262025,-0.032722794,-0.032641388,-0.03282366
ENSG00000138185,-0.020123363,-0.032822685,-0.028814911,-0.028385372,-0.031334154,-0.032223374,-0.032771945
ENSG00000189067,0.104947459,-0.032819625,-0.010677184,-0.012866606,-0.003063737,0.010745553,-0.032462472
ENSG00000110876,0.142222847,-0.03282366,0.004252019,0.034248197,0.002960031,-0.013691191,-0.031907655
ENSG00000229644,-0.028222654,-0.03282366,-0.032180037,-0.031470375,-0.032348651,-0.032631322,-0.03282366
ENSG00000100453,-0.020519221,-0.03282366,-0.022418969,-0.03260279,-0.032447513,-0.027846845,-0.031443184
ENSG00000169397,-0.029991675,-0.03282366,-0.032467378,-0.03129668,-0.03282366,-0.032808397,-0.032756862
ENSG00000169180,0.061419257,-0.032767778,-0.012998938,-0.022832389,-0.0056855,-0.006047562,-0.032661982
ENSG00000123329,0.071514362,-0.03282366,-0.017390164,-0.013515759,-0.007080994,-0.002172256,-0.032504715
ENSG00000118308,-0.0112414,-0.032805124,-0.017568994,-0.029480082,-0.030272318,-0.029194301,-0.032448941
ENSG00000139890,-0.025627435,-0.032820707,-0.031004499,-0.032508181,-0.031171563,-0.031498247,-0.032813228
ENSG00000177156,0.083217116,-0.026877343,-0.016748689,0.035019905,-0.023352405,-0.027169831,-0.022264341
ENSG00000125753,0.07636653,-0.03282177,0.003161809,0.021752531,-0.020177786,-0.021498471,-0.030569828
ENSG00000169220,0.015047613,-0.032814697,-0.025197239,-0.02068531,-0.021064693,-0.023680703,-0.032636828
ENSG00000183822,-0.031295964,-0.03282366,-0.032742657,-0.032802338,-0.032801873,-0.03282366,-0.03282366
ENSG00000005020,-0.012483174,-0.03269911,-0.022733963,-0.025161052,-0.03174679,-0.03184018,-0.031372965
ENSG00000180739,-0.026809034,-0.03282366,-0.029543106,-0.032743447,-0.03251157,-0.028108283,-0.032630834
ENSG00000163162,0.047014167,-0.032809585,-0.018493485,-0.011537648,-0.011686108,-0.017614257,-0.032699345
ENSG00000125910,0.04936218,-0.03282366,-0.015628827,-0.014604639,-0.008917874,-0.016993243,-0.032751402
ENSG00000171700,0.030541677,-0.03282366,-0.009043404,0.003289429,-0.021956242,-0.025963356,-0.032598363
ENSG00000173083,-0.027540354,-0.03282366,-0.032447484,-0.028485127,-0.031882127,-0.032458198,-0.032533317
ENSG00000111729,-0.030219407,-0.03282366,-0.032091969,-0.031154454,-0.03282366,-0.032815082,-0.03282366
ENSG00000112561,-0.022535692,-0.03282366,-0.025216076,-0.02425413,-0.031905102,-0.031946135,-0.032761924
ENSG00000101425,-0.031147625,-0.03282366,-0.032772581,-0.031517024,-0.03282366,-0.03282366,-0.032804507
ENSG00000100055,0.019617562,-0.03282366,-0.013345731,-0.015530944,-0.025341908,-0.023548321,-0.032622646
ENSG00000106348,0.015407721,-0.032819943,-0.016911528,0.006933763,-0.025008165,-0.024877135,-0.032606957
ENSG00000183486,-0.01853502,-0.03282366,-0.029767058,-0.028961996,-0.03024764,-0.030479539,-0.032766523
ENSG00000237169,-0.030410966,-0.03282366,-0.032604852,-0.032230244,-0.032689905,-0.032757192,-0.032799419
ENSG00000112062,-0.01172002,-0.032785953,-0.028031469,-0.027073008,-0.029332436,-0.029488365,-0.032383723
ENSG00000118564,0.013463968,-0.032747745,-0.019177433,-0.00582694,-0.024072717,-0.02643375,-0.032631722
ENSG00000235655,0.074365969,-0.032707724,-0.00344088,0.006669481,-0.019103101,-0.018679033,-0.026358319
ENSG00000155926,-0.005777389,-0.03282366,-0.028500947,-0.025528154,-0.026218033,-0.025591345,-0.032538692
ENSG00000132589,0.071979104,-0.031532022,-0.002216317,-0.010530076,-0.005371683,-0.014026884,-0.032041538
ENSG00000146112,0.029231597,-0.03282218,-0.016019454,-0.008104729,-0.020117667,-0.024849766,-0.031061532
ENSG00000237803,-0.031150794,-0.03282366,-0.032797046,-0.032666869,-0.03282366,-0.03282366,-0.032559554
ENSG00000162704,-0.005342229,-0.032815331,-0.02406994,-0.020515451,-0.029275462,-0.03058211,-0.030758205
ENSG00000131669,0.01489998,-0.03282109,-0.020841053,0.009473517,-0.020351789,-0.023925823,-0.031842869
ENSG00000163932,0.019491736,-0.032821656,-0.016824372,-0.001492119,-0.026415979,-0.025371127,-0.029608822
ENSG00000137575,0.056183636,-0.031702438,-0.014641876,0.001088255,-0.008746921,-0.016344021,-0.032156791
ENSG00000146828,-0.009060727,-0.03282366,-0.026177735,-0.021955333,-0.028084026,-0.028174069,-0.0327804
ENSG00000128011,-0.028241977,-0.03282366,-0.032228357,-0.031853248,-0.032089787,-0.031910307,-0.032805879
ENSG00000113368,-0.013547433,-0.032724355,-0.03000744,-0.026740243,-0.026395718,-0.0281895,-0.032737611
ENSG00000123609,-0.015287339,-0.03268478,-0.028545439,-0.02762206,-0.028888838,-0.02984576,-0.032609444
ENSG00000087157,-0.017697727,-0.032819547,-0.029113623,-0.02715178,-0.029157094,-0.03016759,-0.032736479
ENSG00000203804,-0.030552448,-0.03282366,-0.032669382,-0.032265684,-0.032530152,-0.03268954,-0.03282366
ENSG00000131236,0.059692782,-0.032779041,0.004385706,-0.007100376,-0.010395084,-0.017993319,-0.030084105
ENSG00000172936,0.019515544,-0.03282366,-0.003212464,0.012661397,-0.022891345,-0.022087623,-0.032398653
ENSG00000116815,-0.01713013,-0.032640407,-0.028501977,-0.026550688,-0.029720463,-0.030463046,-0.032688789
ENSG00000160785,-0.023518331,-0.032817127,-0.030880979,-0.031184393,-0.030407551,-0.03015502,-0.032744524
ENSG00000127084,0.030182156,-0.03282366,-0.01726543,-0.019115193,-0.009151958,-0.010609585,-0.032370472
ENSG00000196954,-0.006495763,-0.03282366,-0.025451148,-0.025013842,-0.026247883,-0.027692403,-0.03226191
ENSG00000168394,0.012881598,-0.03282366,-0.020113514,-0.02229846,-0.017550286,-0.018565908,-0.032585937
ENSG00000119408,-0.023079622,-0.032819039,-0.02544014,-0.028764577,-0.031010077,-0.031440959,-0.032769242
ENSG00000117676,0.003676905,-0.032807464,-0.021119614,-0.018130182,-0.023291654,-0.025347294,-0.032600922
ENSG00000159496,-0.027596785,-0.03282366,-0.031898762,-0.032434421,-0.030825633,-0.031003344,-0.032787959
ENSG00000089639,0.049820706,-0.03282002,-0.003799924,-0.001603281,-0.013165573,-0.012716414,-0.032109949
ENSG00000141480,0.085350077,-0.029620952,0.003748361,0.06494462,-0.007816074,-0.006986286,-0.031635583
ENSG00000142634,0.135926184,-0.032810213,0.023497147,0.106295505,0.00975535,0.021628822,-0.032144324
ENSG00000079277,-0.021649083,-0.032771363,-0.030301464,-0.029680574,-0.030465896,-0.030187272,-0.032668707
ENSG00000197622,0.104762254,-0.032782987,0.029467822,-0.007190226,0.022080515,0.01406817,-0.032280521
ENSG00000126860,-0.008953851,-0.03282366,-0.026978213,-0.013127235,-0.023053213,-0.027718932,-0.032614652
ENSG00000077420,0.017264372,-0.032724486,-0.015527317,-0.013942015,-0.016872024,-0.022093653,-0.032563915
ENSG00000131759,0.001964148,-0.03282366,-0.022275441,-0.010250954,-0.02369467,-0.023153557,-0.032704211
ENSG00000124126,0.054775332,-0.032819057,-0.006454425,-0.010527439,0.006246257,-0.000653417,-0.032646386
ENSG00000172081,0.031783571,-0.032736705,-0.008182938,-0.002692486,-0.017098992,-0.016634752,-0.032371573
ENSG00000122862,0.672891458,-0.032717648,0.125352163,0.574365384,0.226838265,0.1533942,-0.007465311
ENSG00000105851,-0.024224657,-0.03282366,-0.02652455,-0.031131697,-0.030259444,-0.030862972,-0.032783108
ENSG00000135899,-0.016183294,-0.032808787,-0.021106289,-0.028142757,-0.027796479,-0.028996147,-0.032771117
ENSG00000015285,0.069516689,-0.03282366,0.001660655,0.043179601,-0.000619052,-0.005804554,-0.03196013
ENSG00000171608,0.042498541,-0.03282151,-0.008851351,-0.016012985,0.000297519,0.003565585,-0.032542625
ENSG00000160710,0.023733951,-0.03257922,-0.013493251,-0.020197866,-0.011236019,-0.012290511,-0.032539536
ENSG00000130592,0.058678189,-0.03282366,0.007577088,0.032145554,-0.002590251,-0.011485847,-0.032284717
ENSG00000186517,0.059646496,-0.032822316,0.007627294,0.00529472,-0.000747424,-0.010184958,-0.032232444
ENSG00000123146,0.099526888,-0.032816072,0.012480185,0.017941912,0.008749771,0.034099535,-0.032573444
ENSG00000164691,0.021910107,-0.03282366,0.01154201,-0.016598066,-0.004728909,-0.016714338,-0.032609003
ENSG00000084070,0.132833614,-0.032653061,0.07940082,0.022219515,0.037845916,0.014372747,-0.03196269
ENSG00000081237,0.111744425,-0.03282366,0.043778808,0.004491265,0.030076222,0.02836413,-0.032584968
ENSG00000102879,0.19286679,-0.032820866,0.051674689,0.07099334,0.053761302,0.03970564,-0.031596845
ENSG00000111913,0.035673141,-0.032821519,-0.001217639,-0.022356587,-0.007662599,-0.014032273,-0.027950348
ENSG00000180509,-0.031462793,-0.03282366,-0.032581882,-0.032296337,-0.03282366,-0.03282366,-0.03282366
ENSG00000160796,0.037889554,-0.032822274,-0.011163872,-0.001346201,-0.004983813,-0.003597809,-0.0324514
ENSG00000136167,0.250370637,-0.03279407,0.113337985,0.148589722,0.078982746,0.045429521,-0.030649829
ENSG00000160410,0.015163423,-0.032759671,-0.010664645,0.010929297,-0.015809797,-0.017886214,-0.03213938
ENSG00000149516,-0.031665238,-0.03282366,-0.032762438,-0.032798867,-0.032766659,-0.032755468,-0.032794964
ENSG00000153310,-0.012625274,-0.032792353,-0.023147535,-0.024232174,-0.025972873,-0.027544323,-0.032726227
ENSG00000172354,0.04114639,-0.031825347,0.000636036,0.03962217,-0.004791039,-0.010886986,-0.031897783
ENSG00000160991,-0.022542527,-0.032820595,-0.024500906,-0.029145863,-0.031135061,-0.031370668,-0.031269655
ENSG00000117151,-0.029409423,-0.032816794,-0.031609393,-0.032061394,-0.031938323,-0.032375465,-0.032808065
ENSG00000185507,-0.011141905,-0.03281589,-0.021038941,-0.012011533,-0.02480091,-0.024907713,-0.032732155
ENSG00000143119,0.126433964,-0.032820497,0.070107462,0.052325284,0.032421787,0.020162854,-0.031773256
ENSG00000140368,-0.006898884,-0.03282366,-0.027232476,-0.018263102,-0.019843132,-0.018653905,-0.032535714
ENSG00000134996,0.030136013,-0.032813339,-0.000374905,-0.000165043,-0.009374775,-0.019984533,-0.030298575
ENSG00000102034,-0.011215215,-0.032815775,-0.01817512,-0.018372099,-0.025141037,-0.02698772,-0.032634222
ENSG00000163041,0.020553728,-0.032743602,-0.004284844,-0.001228465,-0.015826708,-0.017712234,-0.031577712
ENSG00000140332,-0.013978589,-0.032804803,-0.02541341,-0.014574561,-0.02395448,-0.024942087,-0.032784641
ENSG00000167208,-0.0202919,-0.03282366,-0.027830508,-0.027673755,-0.02773437,-0.029496636,-0.03271082
ENSG00000135114,-0.027084888,-0.03282366,-0.032161607,-0.030687128,-0.030103543,-0.02967086,-0.032724516
ENSG00000261416,-0.021127679,-0.03282366,-0.027568135,-0.029824169,-0.028995239,-0.027376341,-0.032660576
ENSG00000064666,0.047435448,-0.03281619,-0.002098803,-0.000737331,0.014379024,0.007787717,-0.032101244
ENSG00000157350,-0.026887873,-0.032194924,-0.030973734,-0.030509291,-0.031858202,-0.032000351,-0.032813789
ENSG00000065413,-0.019034777,-0.032822598,-0.023293883,-0.029294149,-0.025263061,-0.026173186,-0.032807708
ENSG00000103005,-0.024425393,-0.03282119,-0.029873924,-0.028770159,-0.030197234,-0.030440942,-0.032748012
ENSG00000211692,-0.031360998,-0.03282366,-0.032001471,-0.032535097,-0.03282366,-0.032640502,-0.03282366
ENSG00000100503,-0.015648908,-0.032788339,-0.021535452,-0.028458833,-0.024869101,-0.026200087,-0.032478316
ENSG00000234389,-0.031362374,-0.03282366,-0.032437039,-0.032810613,-0.032673676,-0.032434432,-0.03282366
ENSG00000128340,0.119448811,-0.032818284,0.049644696,0.036441769,0.060056459,0.026429325,-0.030401809
ENSG00000250966,-0.029606275,-0.03282366,-0.031383328,-0.031623069,-0.032274838,-0.032288892,-0.032765151
ENSG00000165609,-0.026645973,-0.032812701,-0.030345674,-0.031332354,-0.030105322,-0.030651859,-0.032794623
ENSG00000138071,0.047052291,-0.032759457,0.039921688,0.017604206,0.016749642,-0.001639994,-0.032115566
ENSG00000151465,-0.019934122,-0.032659429,-0.025698928,-0.029471094,-0.026454296,-0.027200917,-0.032768643
ENSG00000228382,-0.030659072,-0.03282366,-0.031394751,-0.032455494,-0.032411877,-0.032394186,-0.03282366
ENSG00000103194,-0.01713525,-0.032725899,-0.026129034,-0.028545454,-0.022439548,-0.025771186,-0.032447548
ENSG00000141968,-0.00632208,-0.032822079,-0.013755734,-0.018723275,-0.020421152,-0.021686109,-0.032600222
ENSG00000115415,-0.001272823,-0.032785425,-0.018334757,-0.012466438,-0.001768631,-0.015915491,-0.032537616
ENSG00000141506,-0.006965316,-0.032820033,-0.02028116,-0.019895982,-0.008411296,-0.008775909,-0.032613813
ENSG00000183484,-0.024661338,-0.03282366,-0.029473825,-0.029668016,-0.025371137,-0.025696189,-0.032780718
ENSG00000055332,-0.027395078,-0.032802137,-0.030589458,-0.031422037,-0.03046066,-0.030885961,-0.03279347
ENSG00000204525,0.974759253,-0.032633593,0.348281443,0.391730296,0.429438718,0.48728577,0.021170643
ENSG00000090238,0.051126506,-0.017225709,-0.009459102,-0.011571946,-0.013369182,-0.011490709,-0.031251233
ENSG00000072786,0.003428514,-0.032763706,-0.009779175,-0.015877759,-0.002397792,-0.004391085,-0.032564202
ENSG00000184922,0.036638609,-0.032822762,0.01069162,0.020098133,0.010903484,0.011784166,-0.03246974
ENSG00000120899,-0.000944518,-0.031354634,-0.008379969,-0.017741476,-0.021075449,-0.02112767,-0.03251598
ENSG00000230539,-0.031624254,-0.03282366,-0.032599818,-0.032461068,-0.03282366,-0.032689408,-0.03282366
ENSG00000251002,-0.031909995,-0.03282366,-0.032742543,-0.032821024,-0.032742853,-0.032790197,-0.032809015
ENSG00000049249,-0.031450368,-0.03282366,-0.032705222,-0.032643166,-0.032572163,-0.032450459,-0.03282366
ENSG00000115935,0.01073658,-0.03282366,-0.014033277,-0.022038844,0.002885586,-0.005215586,-0.027375323
ENSG00000164236,-0.031158429,-0.032822965,-0.03139359,-0.032813042,-0.032373372,-0.032552939,-0.032400868
ENSG00000135605,-0.030712265,-0.032788189,-0.031817447,-0.032252262,-0.032497708,-0.032441891,-0.032784874
ENSG00000005302,-0.02348424,-0.032818788,-0.025821429,-0.028782005,-0.026314183,-0.026105237,-0.032746207
ENSG00000213654,0.13801338,-0.03282366,0.038693541,0.065815465,0.072723881,0.03675868,-0.019321228
ENSG00000115091,-0.013917621,-0.032332716,-0.018562637,-0.022630666,-0.021602238,-0.025393052,-0.032518301
ENSG00000197903,0.004542439,-0.031376478,-0.018296151,-0.022667144,-0.022933164,-0.027689462,-0.001896351
ENSG00000147010,-0.013187328,-0.032815417,-0.01893406,-0.019275168,-0.014543769,-0.019706617,-0.032390971
ENSG00000130475,-0.024296905,-0.03282366,-0.025391897,-0.028262598,-0.027750651,-0.02826111,-0.032665286
ENSG00000164088,-0.013520383,-0.032821754,-0.021694744,-0.019875891,-0.020888991,-0.023262094,-0.032140147
ENSG00000197852,-0.032068925,-0.03282366,-0.032801701,-0.032774114,-0.032813113,-0.032814925,-0.032821749
ENSG00000135365,-0.023134874,-0.032567557,-0.027886114,-0.028237594,-0.027807921,-0.028470093,-0.032758115
ENSG00000255221,-0.031716643,-0.03282366,-0.032751585,-0.032612859,-0.031789744,-0.032538219,-0.032804141
ENSG00000160570,-0.002270349,-0.031837909,-0.01417111,-0.004013404,-0.005918332,-0.009896512,-0.032590588
ENSG00000163466,0.030941268,-0.032787353,0.012359436,0.003633721,0.003251452,0.002248263,-0.028854823
ENSG00000135655,-0.017231804,-0.030754672,-0.027090774,-0.025538546,-0.027247136,-0.028317617,-0.032733875
ENSG00000235499,-0.029314165,-0.03282366,-0.031255175,-0.030626141,-0.030986471,-0.031499286,-0.03282366
ENSG00000115267,-0.028653459,-0.032785014,-0.029273501,-0.030815355,-0.029605223,-0.030816378,-0.032788352
ENSG00000157601,-0.027374133,-0.03282366,-0.028653166,-0.029304033,-0.029737512,-0.030179601,-0.032698064
ENSG00000072864,-0.024877689,-0.032266692,-0.028923331,-0.029899288,-0.027392975,-0.028844156,-0.032806209
ENSG00000251393,-0.032153906,-0.03282366,-0.03282366,-0.032760007,-0.03282366,-0.03282366,-0.03282366
ENSG00000198055,0.000415484,-0.03207183,-0.008394714,-0.009824741,-0.006670374,-0.011190383,-0.031534314
ENSG00000102144,0.001235868,-0.032803901,0.000235168,-0.001104741,-0.002998223,-0.007959733,-0.03020382
ENSG00000113732,0.016125253,-0.032475545,-0.010434568,0.012445028,-0.017723794,-0.020093995,-0.014895411
ENSG00000215244,-0.031752336,-0.03282366,-0.032654214,-0.032722673,-0.032522688,-0.03265629,-0.032815868
ENSG00000268262,-0.031941968,-0.03282366,-0.03272241,-0.032616369,-0.032793401,-0.032710883,-0.03282366
ENSG00000179840,-0.031922584,-0.03282366,-0.032661297,-0.032562481,-0.03277999,-0.032775434,-0.032803874
ENSG00000118113,-0.032236268,-0.03282366,-0.032820791,-0.03282366,-0.03282366,-0.03282366,-0.03282366
ENSG00000221957,-0.032109081,-0.03282366,-0.032265308,-0.032812893,-0.03282366,-0.032700644,-0.032778796
ENSG00000243646,-0.031480238,-0.03282366,-0.03224444,-0.032077508,-0.032528997,-0.03260619,-0.032818373
ENSG00000167633,-0.032028984,-0.03282366,-0.032686556,-0.03282366,-0.03278111,-0.032588717,-0.032797955
ENSG00000110934,0.051657029,-0.032820265,-0.001800249,0.000605777,0.006949016,0.001479453,-0.008269362
ENSG00000135049,-0.014864496,-0.030251868,-0.023131177,-0.02109417,-0.024847463,-0.023429524,-0.032687331
ENSG00000224745,-0.030438556,-0.031541358,-0.032131637,-0.032199115,-0.032265263,-0.032471292,-0.03282366
ENSG00000054219,-0.030842261,-0.03282366,-0.031795316,-0.032055186,-0.031769473,-0.032013001,-0.032816827
ENSG00000167461,-0.028186239,-0.032821038,-0.028338125,-0.029291527,-0.029347398,-0.030334035,-0.032390517
ENSG00000197561,-0.032147831,-0.03282366,-0.032775673,-0.03243629,-0.032759125,-0.03281297,-0.03282366
ENSG00000145901,-0.00674244,-0.029227979,-0.01266362,-0.016554433,-0.00783712,-0.015052286,-0.031949845
ENSG00000111348,0.278442006,-0.032820422,0.14404648,0.169489082,0.237377067,0.164020014,0.057589219
ENSG00000258745,-0.032208788,-0.03282366,-0.032694569,-0.032661849,-0.03282366,-0.03282366,-0.03282366
ENSG00000166946,-0.018143995,-0.027829319,-0.02200397,-0.028284449,-0.026492466,-0.027234775,-0.032391787
ENSG00000172780,-0.031602114,-0.03280593,-0.032440159,-0.03188703,-0.03202611,-0.032301819,-0.03282366
ENSG00000179750,-0.032125844,-0.03282366,-0.032719586,-0.032746041,-0.032690695,-0.032742514,-0.03282366
ENSG00000245148,-0.03175478,-0.032819928,-0.031914924,-0.031869693,-0.032416292,-0.032191042,-0.03282366
ENSG00000259856,-0.032036897,-0.03282366,-0.03262265,-0.032588499,-0.032192896,-0.032599766,-0.03282366
ENSG00000179101,-0.032139816,-0.03282366,-0.032749663,-0.032347531,-0.032657803,-0.032713766,-0.032793601
ENSG00000198858,0.072122887,0.037759041,-0.002784402,-0.007871774,0.017199412,0.003233175,-0.017648568
ENSG00000179978,-0.031914839,-0.032815977,-0.0323142,-0.03243283,-0.03250168,-0.032426749,-0.03282366
ENSG00000178458,-0.03196716,-0.03282366,-0.032463577,-0.032233896,-0.032629958,-0.032689968,-0.032063032
ENSG00000124469,-0.032440518,-0.03282366,-0.032812058,-0.03282366,-0.03282366,-0.03282366,-0.032800094
ENSG00000239480,-0.032149715,-0.03282366,-0.032586578,-0.032583636,-0.032750082,-0.032681467,-0.03273476
ENSG00000260086,-0.03246207,-0.03282366,-0.032762028,-0.032535247,-0.032809846,-0.03281794,-0.03282366
ENSG00000125498,-0.032449057,-0.03282366,-0.032688102,-0.03282366,-0.03282366,-0.032790836,-0.032816478
ENSG00000248477,-0.032485552,-0.03282366,-0.03273171,-0.032500943,-0.03282366,-0.032772451,-0.03282366
ENSG00000253522,-0.032271782,-0.03282366,-0.032288217,-0.032772673,-0.032282199,-0.032476916,-0.032641559
ENSG00000240809,-0.032312997,-0.03282366,-0.032634866,-0.032682549,-0.032701413,-0.032737988,-0.03282366
ENSG00000213999,-0.032300791,-0.03282366,-0.032684849,-0.032640966,-0.032723141,-0.032674993,-0.03282366
ENSG00000240247,-0.032516093,-0.03282366,-0.03282366,-0.03282366,-0.03282366,-0.03282366,-0.03282366
ENSG00000273320,-0.032507147,-0.03282366,-0.032602339,-0.032639689,-0.032807995,-0.032797711,-0.03282366
ENSG00000246790,-0.032479973,-0.03282366,-0.032745626,-0.032811753,-0.032736967,-0.032736742,-0.03282366
ENSG00000163737,-0.026811138,-0.03281239,-0.028592923,-0.03249401,-0.032779725,-0.032405186,0.60079373
ENSG00000161911,-0.031951699,-0.03282366,-0.032005352,-0.032490927,-0.032814713,-0.032727326,0.095765116
ENSG00000204420,-0.032045935,-0.03282366,-0.032017427,-0.032646809,-0.032810107,-0.032670249,0.049242632
ENSG00000163736,-0.022055057,-0.03282366,-0.015133358,-0.032327251,-0.032805103,-0.031086859,0.602401903
ENSG00000005961,-0.031661764,-0.03282366,-0.03172879,-0.032756601,-0.03274239,-0.032675181,0.026292357
ENSG00000169704,-0.031759152,-0.03282366,-0.032057886,-0.032774972,-0.032808735,-0.032712406,-0.001337316
ENSG00000105507,-0.032695134,-0.03282366,-0.03271849,-0.032817893,-0.03282366,-0.03282366,-0.023972043
ENSG00000101162,-0.030380802,-0.032724358,-0.030907413,-0.032657753,-0.032637688,-0.032550181,0.00363976
ENSG00000180573,0.034626149,-0.031950325,-0.029404771,-0.031302995,-0.03169408,-0.032164818,0.092388009
ENSG00000204424,-0.03271242,-0.03282366,-0.032727143,-0.032804841,-0.03282366,-0.03282366,-0.028393159
ENSG00000150681,0.00470778,-0.03282366,-0.030397527,-0.029633628,-0.032710173,-0.032737499,0.005548739
ENSG00000165702,-0.029599519,-0.032580549,-0.032741226,-0.032810896,-0.032808444,-0.032805657,-0.026205066
ENSG00000143595,-0.032742829,-0.03282366,-0.032759091,-0.03282366,-0.03282366,-0.032818866,-0.030662318
ENSG00000101082,-0.029656331,-0.03282366,-0.031266957,-0.032764001,-0.024733527,-0.02309774,-0.016591339
ENSG00000253409,-0.03216063,-0.03282366,-0.032653062,-0.03282366,-0.029611668,-0.03124016,-0.028561629
ENSG00000124657,-0.032700246,-0.032816434,-0.032802713,-0.03282366,-0.03282366,-0.032811994,-0.031853589
ENSG00000227550,-0.032693037,-0.03282366,-0.032709269,-0.03282366,-0.032131386,-0.032409564,-0.031638708
ENSG00000175063,-0.031997458,-0.032754848,-0.032693235,-0.032790002,-0.032173644,-0.032550205,-0.03172974
ENSG00000232125,-0.032814175,-0.03282366,-0.03282366,-0.032820023,-0.03282366,-0.03282366,-0.032566008
ENSG00000216863,-0.032791747,-0.032822446,-0.032663419,-0.03280512,-0.032821292,-0.032821699,-0.032555416
ENSG00000226806,-0.032821491,-0.03282366,-0.03282366,-0.03282366,-0.03282366,-0.03282366,-0.032804288
ENSG00000244734,0.068574487,69.63884945,0.114527365,-0.02574678,-0.032589629,-0.018134484,0.018885971
ENSG00000158578,-0.032749267,0.261866497,-0.032199505,-0.032795264,-0.032792572,-0.032710367,-0.032581382
ENSG00000206172,-0.029075509,3.029132183,-0.02867628,-0.032398591,-0.03280777,-0.032020835,-0.01914391
ENSG00000188536,0.013556519,12.7714066,0.022627916,-0.029149452,-0.032807616,-0.024930361,-0.014141003
ENSG00000004939,-0.032810558,0.091109677,-0.032464013,-0.032806785,-0.032815901,-0.032791527,-0.032746315
ENSG00000169877,-0.032788015,0.062245859,-0.032577881,-0.032792853,-0.03282366,-0.03282366,-0.032802266
ENSG00000206177,-0.032708362,0.014432304,-0.032629782,-0.032795308,-0.03282366,-0.032751677,-0.032797408
ENSG00000223609,-0.032746526,0.046219308,-0.032295387,-0.032769129,-0.032802765,-0.032780395,-0.032056789
ENSG00000166947,-0.032795733,-0.013316194,-0.032755483,-0.032820812,-0.03282366,-0.03282366,-0.032819704
ENSG00000250361,-0.032821079,-0.017951271,-0.03281839,-0.03282366,-0.03282366,-0.03281779,-0.03282366
ENSG00000162722,-0.03242936,0.02854805,-0.03202824,-0.0326116,-0.032807203,-0.032769139,-0.030937139
ENSG00000196565,-0.032768059,-0.003237372,-0.032800953,-0.03282366,-0.03282366,-0.032785722,-0.031453863
ENSG00000204010,-0.032804862,-0.019047186,-0.032793641,-0.032806101,-0.03282366,-0.032818088,-0.032817563
ENSG00000105610,-0.03279018,-0.02154607,-0.032768542,-0.032732309,-0.032774243,-0.032803196,-0.03282366
ENSG00000238243,-0.032731809,-0.006034589,-0.03240604,-0.032622124,-0.032781538,-0.032812031,-0.030927847
ENSG00000086506,-0.032681549,-0.022397086,-0.032713217,-0.03282366,-0.032798906,-0.03282366,-0.031791769
ENSG00000213934,-0.032821225,-0.028064012,-0.032746348,-0.03282366,-0.03282366,-0.03282366,-0.032801918
ENSG00000249790,-0.032620483,-0.020526642,-0.031594164,-0.032515978,-0.032689752,-0.032674176,-0.032818385
ENSG00000136732,-0.029445692,0.130307889,-0.026679237,-0.029201481,-0.017978296,-0.021419034,-0.03259025
ENSG00000013306,-0.029248351,0.162468812,-0.020987486,-0.022759957,-0.018904061,-0.0188733,-0.032390586
ENSG00000147454,0.065293925,0.113042678,-0.027261391,-0.025830775,-0.029999586,-0.029752214,-0.032679027
ENSG00000170180,-0.03282366,-0.030677973,-0.03282366,-0.03282366,-0.032817469,-0.03282366,-0.03281805
ENSG00000224091,-0.03282366,-0.030293812,-0.03280476,-0.03282366,-0.03282366,-0.03282366,-0.03259332
ENSG00000197721,-0.032745445,-0.030482484,-0.032773759,-0.032808023,-0.032814073,-0.03281572,-0.032745471
ENSG00000180596,-0.020914215,-0.017095463,-0.032480588,-0.032429222,-0.031948634,-0.032085757,-0.029882592
ENSG00000112077,-0.032822159,-0.031252787,-0.032819994,-0.032820443,-0.032813799,-0.032819577,-0.03282366
ENSG00000205639,-0.032725699,-0.030608816,-0.032779198,-0.032798302,-0.032805722,-0.032796422,-0.031290209
ENSG00000130830,-0.018710316,-0.005217996,-0.028742576,-0.022663519,-0.032208919,-0.032190278,-0.020057864
ENSG00000159346,-0.003742191,0.102581068,-0.01596787,-0.010686623,-0.014531043,-0.016144962,-0.007348911
ENSG00000171840,-0.029178768,-0.02502273,-0.031980595,-0.029953527,-0.030620867,-0.031884617,-0.032741467
ENSG00000184260,-0.031129209,-0.022630437,-0.030698616,-0.028850367,-0.030306031,-0.029752238,-0.03270034
ENSG00000105701,0.042067001,0.156774047,-0.004397768,0.010081971,0.008984738,0.001102897,-0.015989539
ENSG00000196747,-0.032450877,-0.031889881,-0.032745201,-0.03280645,-0.032665387,-0.032736269,-0.032656332
ENSG00000112212,-0.03260856,-0.031948656,-0.032673869,-0.032788612,-0.032675933,-0.032667939,-0.03282366
ENSG00000260188,-0.032792767,-0.032343158,-0.032797866,-0.03243891,-0.03282366,-0.03282366,-0.032815802
ENSG00000034152,-0.005558827,-0.003484496,-0.015380981,-0.009235162,-0.024960014,-0.023094923,-0.030061655
ENSG00000022840,-0.011015126,0.00337579,-0.016496149,-0.022601171,-0.010854505,-0.01434919,-0.031094645
ENSG00000185130,-0.032769296,-0.0322657,-0.032742789,-0.032788181,-0.032578953,-0.032575946,-0.032799022
ENSG00000102384,-0.032797192,-0.032510164,-0.032764294,-0.032821657,-0.032786812,-0.032770252,-0.032815313
ENSG00000065328,-0.032804462,-0.032591515,-0.032803761,-0.03282366,-0.032672826,-0.032737018,-0.03282366
ENSG00000187997,-0.032792014,-0.032663522,-0.03282009,-0.03282366,-0.03282366,-0.03282366,-0.03282366
ENSG00000229988,-0.03282366,-0.032715983,-0.03282366,-0.03282366,-0.03282366,-0.03282366,-0.032815391
ENSG00000213931,-0.03282366,-0.032816577,-0.03282366,-0.03282366,-0.03282366,-0.03282366,-0.03282366
